volume,chapter_start,chapter_end,pages_including_cover,filename
1,1,47,193,Xian_Ni_เล่ม_01_ตอน_0001-0047.pdf
2,48,94,223,Xian_Ni_เล่ม_02_ตอน_0048-0094.pdf
3,95,142,291,Xian_Ni_เล่ม_03_ตอน_0095-0142.pdf
4,143,189,361,Xian_Ni_เล่ม_04_ตอน_0143-0189.pdf
5,190,237,435,Xian_Ni_เล่ม_05_ตอน_0190-0237.pdf
6,238,284,285,Xian_Ni_เล่ม_06_ตอน_0238-0284.pdf
7,285,332,304,Xian_Ni_เล่ม_07_ตอน_0285-0332.pdf
8,333,379,304,Xian_Ni_เล่ม_08_ตอน_0333-0379.pdf
9,380,427,308,Xian_Ni_เล่ม_09_ตอน_0380-0427.pdf
10,428,474,283,Xian_Ni_เล่ม_10_ตอน_0428-0474.pdf
11,475,522,288,Xian_Ni_เล่ม_11_ตอน_0475-0522.pdf
12,523,569,296,Xian_Ni_เล่ม_12_ตอน_0523-0569.pdf
13,570,616,307,Xian_Ni_เล่ม_13_ตอน_0570-0616.pdf
14,617,664,304,Xian_Ni_เล่ม_14_ตอน_0617-0664.pdf
15,665,711,292,Xian_Ni_เล่ม_15_ตอน_0665-0711.pdf
16,712,759,290,Xian_Ni_เล่ม_16_ตอน_0712-0759.pdf
17,760,806,268,Xian_Ni_เล่ม_17_ตอน_0760-0806.pdf
18,807,854,278,Xian_Ni_เล่ม_18_ตอน_0807-0854.pdf
19,855,901,277,Xian_Ni_เล่ม_19_ตอน_0855-0901.pdf
20,902,949,279,Xian_Ni_เล่ม_20_ตอน_0902-0949.pdf
21,950,996,273,Xian_Ni_เล่ม_21_ตอน_0950-0996.pdf
22,997,1044,286,Xian_Ni_เล่ม_22_ตอน_0997-1044.pdf
23,1045,1091,261,Xian_Ni_เล่ม_23_ตอน_1045-1091.pdf
24,1092,1138,268,Xian_Ni_เล่ม_24_ตอน_1092-1138.pdf
25,1139,1186,293,Xian_Ni_เล่ม_25_ตอน_1139-1186.pdf
26,1187,1233,280,Xian_Ni_เล่ม_26_ตอน_1187-1233.pdf
27,1234,1281,279,Xian_Ni_เล่ม_27_ตอน_1234-1281.pdf
28,1282,1328,277,Xian_Ni_เล่ม_28_ตอน_1282-1328.pdf
29,1329,1376,284,Xian_Ni_เล่ม_29_ตอน_1329-1376.pdf
30,1377,1423,270,Xian_Ni_เล่ม_30_ตอน_1377-1423.pdf
31,1424,1471,276,Xian_Ni_เล่ม_31_ตอน_1424-1471.pdf
32,1472,1518,279,Xian_Ni_เล่ม_32_ตอน_1472-1518.pdf
33,1519,1566,279,Xian_Ni_เล่ม_33_ตอน_1519-1566.pdf
34,1567,1613,276,Xian_Ni_เล่ม_34_ตอน_1567-1613.pdf
35,1614,1660,261,Xian_Ni_เล่ม_35_ตอน_1614-1660.pdf
36,1661,1708,275,Xian_Ni_เล่ม_36_ตอน_1661-1708.pdf
37,1709,1755,275,Xian_Ni_เล่ม_37_ตอน_1709-1755.pdf
38,1756,1803,278,Xian_Ni_เล่ม_38_ตอน_1756-1803.pdf
39,1804,1850,269,Xian_Ni_เล่ม_39_ตอน_1804-1850.pdf
40,1851,1898,270,Xian_Ni_เล่ม_40_ตอน_1851-1898.pdf
41,1899,1945,274,Xian_Ni_เล่ม_41_ตอน_1899-1945.pdf
42,1946,1993,282,Xian_Ni_เล่ม_42_ตอน_1946-1993.pdf
43,1994,2040,272,Xian_Ni_เล่ม_43_ตอน_1994-2040.pdf
44,2041,2088,289,Xian_Ni_เล่ม_44_ตอน_2041-2088.pdf
